---,FactionA,FactionB,Attitude
Player_Companion,Player,Companion,2
Player_Civilian,Player,Civilian,1
Player_Soldier,Player,Soldier,1
Player_Animal,Player,Animal,1
Player_EnemyA,Player,Enemy_A,0
Player_EnemyB,Player,Enemy_B,0
Companion_Civilian,Companion,Civilian,1
Companion_Soldier,Companion,Soldier,1
Companion_Animal,Companion,Animal,1
Companion_EnemyA,Companion,Enemy_A,0
Companion_EnemyB,Companion,Enemy_B,0
Civilian_Soldier,Civilian,Soldier,2
Civilian_Animal,Civilian,Animal,1
Civilian_EnemyA,Civilian,Enemy_A,0
Civilian_EnemyB,Civilian,Enemy_B,0
Soldier_Animal,Soldier,Animal,1
Soldier_EnemyA,Soldier,Enemy_A,0
Soldier_EnemyB,Soldier,Enemy_B,0
Animal_EnemyA,Animal,Enemy_A,0
Animal_EnemyB,Animal,Enemy_B,0
EnemyA_EnemyB,Enemy_A,Enemy_B,0
